{
  "project_info": {
    "project_number": "723688574403",
    "firebase_url": "https://riyadhlearning-f286a-default-rtdb.firebaseio.com",
    "project_id": "riyadhlearning-f286a",
    "storage_bucket": "riyadhlearning-f286a.appspot.com"
  },
  "client": [
    {
      "client_info": {
        "mobilesdk_app_id": "1:723688574403:android:7913f6b33a2f7f54dac176",
        "android_client_info": {
          "package_name": "com.example.riyadh"
        }
      },
      "oauth_client": [
        {
          "client_id": "723688574403-5sa3hsp3bseqfbp6pr8j9aco432hb0f2.apps.googleusercontent.com",
          "client_type": 1,
          "android_info": {
            "package_name": "com.example.riyadh",
            "certificate_hash": "6a4513f0cf39fab8f2c14bc67055f54c66a9d0bd"
          }
        },
        {
          "client_id": "723688574403-3pqri6qd89t1be6ltlsl05lev61gpe7c.apps.googleusercontent.com",
          "client_type": 3
        }
      ],
      "api_key": [
        {
          "current_key": "AIzaSyDq7zSwfAKfAxl_s34So_KYuB3Ngb8Ogyc"
        }
      ],
      "services": {
        "appinvite_service": {
          "other_platform_oauth_client": [
            {
              "client_id": "723688574403-3pqri6qd89t1be6ltlsl05lev61gpe7c.apps.googleusercontent.com",
              "client_type": 3
            }
          ]
        }
      }
    }
  ],
  "configuration_version": "1"
}